172473,1010668,,US,US,US,USD,
17824,1021769,,US,US,US,USD,
17824,1027523,,US,US,US,USD,
24308,1036196,,US,US,US,USD,
2094,1053,,US,US,US,USD,
10948,1060,,US,US,US,USD,
11084,1065,,US,US,US,USD,
11202,1078,,US,US,US,USD,
4881,11044,,US,US,US,USD,
6095,1106249,,US,US,US,USD,
321441,1116378,,US,US,US,USD,
321441,1116407,,US,US,US,USD,
321441,1116409,,US,US,US,USD,
321441,1116433,,US,US,US,USD,
321441,1117389,,US,US,US,USD,
321441,1117409,,US,US,US,USD,
321441,1117419,,US,US,US,USD,
321441,1117432,,US,US,US,USD,
321441,1117440,,US,US,US,USD,
321441,1117450,,US,US,US,USD,
321441,1117460,,US,US,US,USD,
321441,1117461,,US,US,US,USD,
321441,1117462,,US,US,US,USD,
321441,1117463,,US,US,US,USD,
321441,1117470,,US,US,US,USD,
33933,11179,,US,US,US,USD,
321441,1118089,,US,US,US,USD,
321441,1118105,,US,US,US,USD,
321441,1118156,,US,US,US,USD,
321441,1118184,,US,US,US,USD,
321441,1118212,,US,US,US,USD,
2094,11515,,US,US,US,USD,
24897,1154568,,US,US,US,USD,
12979,1169,,US,US,US,USD,
1230,117,,US,US,US,USD,
17824,11965,,US,US,US,USD,
17824,11966,,US,US,US,USD,
17824,12005,,US,US,US,USD,
17824,12008,,US,US,US,USD,
30075,12047,,US,US,US,USD,
4336,12212,,US,US,US,USD,
30075,12217,,US,US,US,USD,
13976,1226,,US,US,US,USD,
17824,12602,,US,US,US,USD,
4389,12910,,US,US,US,USD,
17824,12931,,US,US,US,USD,
17824,13082,,US,US,US,USD,
15415,1318,,US,US,US,USD,
2094,13290,,US,US,US,USD,
17824,13499,,US,US,US,USD,
16727,1398,,US,US,US,USD,
17481,1441,,US,US,US,USD,
17824,14460,,US,US,US,USD,
17803,1459,,US,US,US,USD,
17860,1465,,US,US,US,USD,
17824,14815,,US,US,US,USD,
17824,14816,,US,US,US,USD,
18424,1493,,US,US,US,USD,
17824,14983,,US,US,US,USD,
12979,15335,,US,US,US,USD,
19743,1563,,US,US,US,USD,
17824,15844,,US,US,US,USD,
20171,1590,,US,US,US,USD,
15415,15909,,US,US,US,USD,
7270,1599,,US,US,US,USD,
17824,16080,,US,US,US,USD,
321441,16186,,US,US,US,USD,
321441,16187,,US,US,US,USD,
321441,16188,,US,US,US,USD,
2145,162,,US,US,US,USD,
520270,16373,,US,US,US,USD,
245585,17367,,US,US,US,USD,
21909,1755,,US,US,US,USD,
17824,17571,,US,US,US,USD,
22639,1818,,US,US,US,USD,
9370,1878,,US,US,US,USD,
2454,192,,US,US,US,USD,
17824,19471,,US,US,US,USD,
4009,19700,,US,US,US,USD,
24759,1971,,US,US,US,USD,
20171,19842,2307396,US,US,US,USD,
24897,1985,,US,US,US,USD,
10948,19863,2483319,US,US,US,USD,
40922,19869,2488965,US,US,US,USD,
134223,20056,1614285,US,US,US,USD,
17824,20060,1604261,US,US,US,USD,
14579,20080,2433695,US,US,US,USD,
2094,2013,,US,US,US,USD,
134223,20194,2249731,US,US,US,USD,
10948,20195,1098611,US,US,US,USD,
33591,20216,10558,US,US,US,USD,
20171,20253,1836886,US,US,US,USD,
17824,20422,972622,US,US,US,USD,
4336,20466,921154,US,US,US,USD,
20171,20478,2308185,US,US,US,USD,
10948,20563,23703,US,US,US,USD,
12979,20580,163609,US,US,US,USD,
6095,20595,257537,US,US,US,USD,
134223,20652,2062239,US,US,US,USD,
134223,20686,2062238,US,US,US,USD,
21909,20735,886288,US,US,US,USD,
2094,20821,1055737,US,US,US,USD,
17824,20856,1095661,US,US,US,USD,
40922,20886,189768,US,US,US,USD,
26042,2089,,US,US,US,USD,
14579,20895,2059270,US,US,US,USD,
33933,21000,937342,US,US,US,USD,
17824,21017,1127983,US,US,US,USD,
10948,21038,2483287,US,US,US,USD,
10948,21054,2483290,US,US,US,USD,
10948,21069,2483283,US,US,US,USD,
4336,21127,1153751,US,US,US,USD,
10948,21139,2483308,US,US,US,USD,
10948,21170,382947,US,US,US,USD,
2094,21256,1662315,US,US,US,USD,
2094,21257,1662310,US,US,US,USD,
4336,21278,1153763,US,US,US,USD,
2094,21287,1662313,US,US,US,USD,
10948,21291,2483314,US,US,US,USD,
2454,21321,155857,US,US,US,USD,
14460,2146,,US,US,US,USD,
2454,21482,810036,US,US,US,USD,
2454,21499,465703,US,US,US,USD,
2454,21514,892619,US,US,US,USD,
2454,21517,810031,US,US,US,USD,
18424,21659,469504,US,US,US,USD,
7270,21670,2555517,US,US,US,USD,
7270,21680,2555512,US,US,US,USD,
7270,21697,2555518,US,US,US,USD,
4336,21708,797670,US,US,US,USD,
4336,21722,797687,US,US,US,USD,
245585,21728,2600684,US,US,US,USD,
4336,21755,921580,US,US,US,USD,
20171,21760,2477967,US,US,US,USD,
10948,21764,920662,US,US,US,USD,
4336,21771,921581,US,US,US,USD,
18424,21795,469286,US,US,US,USD,
6095,21865,813804,US,US,US,USD,
20171,21867,2499712,US,US,US,USD,
4336,21886,1153762,US,US,US,USD,
12979,21951,117045,US,US,US,USD,
2094,22013,802560,US,US,US,USD,
2094,22016,672218,US,US,US,USD,
29499,22043,971738,US,US,US,USD,
2094,22046,672216,US,US,US,USD,
6095,22080,933740,US,US,US,USD,
6095,22085,933737,US,US,US,USD,
2094,22096,359544,US,US,US,USD,
179853,22138,2248288,US,US,US,USD,
2094,22170,672219,US,US,US,USD,
2454,22219,1440695,US,US,US,USD,
24759,22257,1144393,US,US,US,USD,
21909,22273,103873,US,US,US,USD,
7270,22284,40606,US,US,US,USD,
4881,22356,48790,US,US,US,USD,
4336,22474,893626,US,US,US,USD,
4336,22480,878885,US,US,US,USD,
4336,22481,921599,US,US,US,USD,
4336,22482,166795,US,US,US,USD,
4336,22492,797733,US,US,US,USD,
4336,22511,5878,US,US,US,USD,
17824,22607,971815,US,US,US,USD,
12979,22634,218104,US,US,US,USD,
21909,22677,1306391,US,US,US,USD,
2094,22695,1372336,US,US,US,USD,
2094,22702,1356971,US,US,US,USD,
12979,22759,100931,US,US,US,USD,
2094,22821,223293,US,US,US,USD,
4336,22951,761459,US,US,US,USD,
7270,22952,304652,US,US,US,USD,
26042,22995,936639,US,US,US,USD,
10948,23076,909699,US,US,US,USD,
10948,23085,896321,US,US,US,USD,
10948,23102,903370,US,US,US,USD,
35572,23141,2464288,US,US,US,USD,
7270,23157,2463817,US,US,US,USD,
10948,23204,2717068,US,US,US,USD,
10948,23206,2717063,US,US,US,USD,
10948,23212,2717073,US,US,US,USD,
10948,23220,2717070,US,US,US,USD,
8851,23224,1735,US,US,US,USD,
10948,23236,2717065,US,US,US,USD,
28177,2325,,US,US,US,USD,
29063,23277,802579,US,US,US,USD,
17824,23297,972617,US,US,US,USD,
14561,23361,1346121,US,US,US,USD,
14561,23363,1346117,US,US,US,USD,
14561,23370,1346114,US,US,US,USD,
7270,23371,2463832,US,US,US,USD,
12979,23375,2463577,US,US,US,USD,
14561,23393,1346118,US,US,US,USD,
2094,23443,1387103,US,US,US,USD,
40922,23623,304494,US,US,US,USD,
17824,23695,972610,US,US,US,USD,
33591,23822,1313637,US,US,US,USD,
2454,23830,366598,US,US,US,USD,
29063,23898,1415035,US,US,US,USD,
2454,24013,961040,US,US,US,USD,
17824,24019,1830752,US,US,US,USD,
17824,24042,1830761,US,US,US,USD,
20171,24096,2569412,US,US,US,USD,
2951,241,,US,US,US,USD,
17824,24126,2253816,US,US,US,USD,
29063,2415,,US,US,US,USD,
17824,24354,1535811,US,US,US,USD,
20171,24376,1887558,US,US,US,USD,
4336,24489,166797,US,US,US,USD,
29499,2453,,US,US,US,USD,
16727,24759,336524,US,US,US,USD,
24897,24776,1618766,US,US,US,USD,
16222,24778,1661475,US,US,US,USD,
24897,24785,1618763,US,US,US,USD,
35572,24790,1897727,US,US,US,USD,
29063,24796,11038,US,US,US,USD,
24897,24804,1618759,US,US,US,USD,
16222,24808,1661471,US,US,US,USD,
4336,24836,813801,US,US,US,USD,
30075,2500,,US,US,US,USD,
5500,25001,3276,US,US,US,USD,
57275,25070,1600055,US,US,US,USD,
2094,25202,1260445,US,US,US,USD,
19743,25212,1643170,US,US,US,USD,
4336,25306,2024725,US,US,US,USD,
4336,25321,2024726,US,US,US,USD,
2454,25324,1858291,US,US,US,USD,
2454,25332,1858287,US,US,US,USD,
2454,25353,1858294,US,US,US,USD,
19743,25464,1054530,US,US,US,USD,
154016,25564,891763,US,US,US,USD,
30876,2569,,US,US,US,USD,
2094,25707,2136066,US,US,US,USD,
2094,25712,2136064,US,US,US,USD,
2094,25720,2136063,US,US,US,USD,
2094,25862,1853884,US,US,US,USD,
2094,25864,1853880,US,US,US,USD,
2094,25876,1853888,US,US,US,USD,
17481,26059,2138839,US,US,US,USD,
17481,26063,2138832,US,US,US,USD,
17481,26073,2138827,US,US,US,USD,
17481,26075,2138843,US,US,US,USD,
17481,26094,2138834,US,US,US,USD,
18424,261,,US,US,US,USD,
24897,26196,2642208,US,US,US,USD,
24897,26201,2642202,US,US,US,USD,
18424,26205,711611,US,US,US,USD,
24897,26208,2642198,US,US,US,USD,
22639,26209,5066,US,US,US,USD,
24897,26229,2642207,US,US,US,USD,
31466,2623,,US,US,US,USD,
19743,26251,1894869,US,US,US,USD,
24897,26368,2642197,US,US,US,USD,
31569,2638,,US,US,US,USD,
31572,2639,,US,US,US,USD,
20171,26412,2336668,US,US,US,USD,
20171,26424,2336665,US,US,US,USD,
10948,26479,1400998,US,US,US,USD,
12979,26495,53565,US,US,US,USD,
31744,2657,,US,US,US,USD,
20171,26677,2550405,US,US,US,USD,
4336,26728,2024800,US,US,US,USD,
4336,26733,166774,US,US,US,USD,
172473,26949,1969250,US,US,US,USD,
4336,26993,797786,US,US,US,USD,
32150,2702,,US,US,US,USD,
2094,27022,2099810,US,US,US,USD,
2094,27030,2099813,US,US,US,USD,
2094,27038,2099811,US,US,US,USD,
172473,27045,1722559,US,US,US,USD,
2094,27055,2099808,US,US,US,USD,
2094,27056,2099821,US,US,US,USD,
172473,27075,769029,US,US,US,USD,
16727,27088,1403,US,US,US,USD,
29499,27089,1489676,US,US,US,USD,
4336,27092,893700,US,US,US,USD,
8851,27098,1079741,US,US,US,USD,
4336,27101,797799,US,US,US,USD,
4336,27122,893607,US,US,US,USD,
5500,27149,32794,US,US,US,USD,
154016,27225,1396134,US,US,US,USD,
2094,27240,1395946,US,US,US,USD,
2094,27332,1341977,US,US,US,USD,
154016,27354,891755,US,US,US,USD,
17824,27382,2242467,US,US,US,USD,
32508,2739,,US,US,US,USD,
32522,2742,,US,US,US,USD,
2094,27428,1235905,US,US,US,USD,
2094,27439,1235902,US,US,US,USD,
2094,27456,1235906,US,US,US,USD,
20171,27572,2352831,US,US,US,USD,
4336,27574,1427038,US,US,US,USD,
20171,27583,2352827,US,US,US,USD,
10948,27593,2849684,US,US,US,USD,
20171,27602,2352836,US,US,US,USD,
10948,27624,2849614,US,US,US,USD,
18424,27654,67332,US,US,US,USD,
17481,27724,2138846,US,US,US,USD,
17481,27728,2138813,US,US,US,USD,
20171,27733,2138854,US,US,US,USD,
17481,27740,2138849,US,US,US,USD,
17481,27763,2138811,US,US,US,USD,
4336,27793,893740,US,US,US,USD,
154016,27803,891744,US,US,US,USD,
14579,27822,481076,US,US,US,USD,
2094,27826,1202749,US,US,US,USD,
9370,27897,577405,US,US,US,USD,
6095,27906,756009,US,US,US,USD,
20171,27951,2336655,US,US,US,USD,
31572,27984,888831,US,US,US,USD,
20171,28011,2426228,US,US,US,USD,
10948,28051,1284716,US,US,US,USD,
33591,28121,1433192,US,US,US,USD,
4336,28163,878879,US,US,US,USD,
4336,28168,878865,US,US,US,USD,
20171,28205,2430443,US,US,US,USD,
20171,28212,2430439,US,US,US,USD,
20171,28216,2430432,US,US,US,USD,
2094,28238,1631321,US,US,US,USD,
2094,28242,1060310,US,US,US,USD,
19743,28245,265484,US,US,US,USD,
4336,28301,873139,US,US,US,USD,
40922,28303,1432376,US,US,US,USD,
10948,28356,909702,US,US,US,USD,
15091,28388,12559,US,US,US,USD,
40922,28409,304501,US,US,US,USD,
12979,28427,211206,US,US,US,USD,
33591,2845,,US,US,US,USD,
2094,28486,1690724,US,US,US,USD,
2454,28528,1253189,US,US,US,USD,
21221,28540,1269609,US,US,US,USD,
7270,28651,2463465,US,US,US,USD,
7270,28659,2463436,US,US,US,USD,
7270,28679,2463472,US,US,US,USD,
2454,28690,1250164,US,US,US,USD,
6095,2872,,US,US,US,USD,
36834,28749,924451,US,US,US,USD,
6095,28782,561803,US,US,US,USD,
6095,28801,756013,US,US,US,USD,
31744,28811,924678,US,US,US,USD,
20171,28891,2336662,US,US,US,USD,
20171,28963,1470674,US,US,US,USD,
20171,28972,1286411,US,US,US,USD,
20171,28991,1470675,US,US,US,USD,
4026,28999,77619,US,US,US,USD,
32522,29089,233308,US,US,US,USD,
2094,29109,416551,US,US,US,USD,
4336,29133,881033,US,US,US,USD,
8851,29164,4895,US,US,US,USD,
12979,29198,134847,US,US,US,USD,
12979,29204,9985,US,US,US,USD,
12979,29205,912260,US,US,US,USD,
2094,29247,1509802,US,US,US,USD,
31572,29361,6104,US,US,US,USD,
154016,29385,7523,US,US,US,USD,
20171,29389,2530297,US,US,US,USD,
4336,29438,1240812,US,US,US,USD,
4336,29439,921113,US,US,US,USD,
2094,29477,359553,US,US,US,USD,
154016,29523,1382810,US,US,US,USD,
6662,29536,702258,US,US,US,USD,
154016,29562,891230,US,US,US,USD,
20171,29578,2394532,US,US,US,USD,
2094,29678,2099774,US,US,US,USD,
2094,29684,2099795,US,US,US,USD,
2094,29686,2099779,US,US,US,USD,
2094,29696,2099778,US,US,US,USD,
2094,29712,2099767,US,US,US,USD,
2094,29715,2099780,US,US,US,USD,
4881,2978,,US,US,US,USD,
35019,2983,,US,US,US,USD,
2094,29899,243875,US,US,US,USD,
35108,2990,,US,US,US,USD,
4336,30029,5877,US,US,US,USD,
20171,30198,1670661,US,US,US,USD,
20171,30228,1670664,US,US,US,USD,
22639,30252,4095,US,US,US,USD,
18424,30317,143721,US,US,US,USD,
321441,3032,,US,US,US,USD,
4336,30326,797710,US,US,US,USD,
4336,30335,166709,US,US,US,USD,
4336,30356,885986,US,US,US,USD,
35572,3037,,US,US,US,USD,
35662,3044,,US,US,US,USD,
2094,30450,426536,US,US,US,USD,
4336,30465,802634,US,US,US,USD,
2094,30482,426602,US,US,US,USD,
10948,30529,1155639,US,US,US,USD,
4336,30534,893711,US,US,US,USD,
4336,30537,797801,US,US,US,USD,
10948,30539,1155636,US,US,US,USD,
4336,30544,921146,US,US,US,USD,
4336,30551,166698,US,US,US,USD,
10948,30557,1155642,US,US,US,USD,
4336,30568,921149,US,US,US,USD,
4336,30572,175647,US,US,US,USD,
2094,30584,9632,US,US,US,USD,
2094,30590,802571,US,US,US,USD,
18424,30594,68349,US,US,US,USD,
18424,30704,63982,US,US,US,USD,
4336,30725,941102,US,US,US,USD,
4336,30750,166714,US,US,US,USD,
4336,30782,893573,US,US,US,USD,
24759,30832,9957,US,US,US,USD,
4336,30854,893627,US,US,US,USD,
154016,30893,1218,US,US,US,USD,
6095,30939,933739,US,US,US,USD,
2454,30957,1300270,US,US,US,USD,
2094,30993,243877,US,US,US,USD,
40922,31069,805895,US,US,US,USD,
2454,31098,961042,US,US,US,USD,
4336,31116,2024781,US,US,US,USD,
4336,31124,2024785,US,US,US,USD,
20171,31125,1251348,US,US,US,USD,
4336,31131,2024783,US,US,US,USD,
4336,31151,2024789,US,US,US,USD,
2094,31245,1741014,US,US,US,USD,
24759,31254,1741090,US,US,US,USD,
17803,31324,1065616,US,US,US,USD,
13976,31382,925467,US,US,US,USD,
36834,3139,,US,US,US,USD,
36867,3146,,US,US,US,USD,
14579,31505,1248,US,US,US,USD,
30075,31550,1000079,US,US,US,USD,
36986,3157,,US,US,US,USD,
7270,31576,11470,US,US,US,USD,
20171,31669,1706947,US,US,US,USD,
20171,31678,1706937,US,US,US,USD,
6419,31697,825,US,US,US,USD,
19743,31701,771783,US,US,US,USD,
10948,31727,1098607,US,US,US,USD,
16222,3173,,US,US,US,USD,
10948,31734,1098606,US,US,US,USD,
2454,31781,962316,US,US,US,USD,
10948,31947,1799625,US,US,US,USD,
32150,32005,820581,US,US,US,USD,
6095,32116,760644,US,US,US,USD,
10948,32122,1799621,US,US,US,USD,
10948,32133,1799626,US,US,US,USD,
10948,32138,1799624,US,US,US,USD,
10948,32159,1799628,US,US,US,USD,
14579,32201,9580,US,US,US,USD,
2454,32283,962304,US,US,US,USD,
4336,32349,1152555,US,US,US,USD,
40922,32424,1327,US,US,US,USD,
40922,3249,,US,US,US,USD,
2145,32570,79582,US,US,US,USD,
17481,32617,2393016,US,US,US,USD,
2094,32637,115954,US,US,US,USD,
29063,32653,79152,US,US,US,USD,
12979,32654,140122,US,US,US,USD,
12979,32661,256118,US,US,US,USD,
12979,32665,725249,US,US,US,USD,
12979,32666,910723,US,US,US,USD,
12979,32670,218102,US,US,US,USD,
12979,32676,211210,US,US,US,USD,
12979,32688,172192,US,US,US,USD,
12979,32690,787168,US,US,US,USD,
18424,32709,934740,US,US,US,USD,
19743,32728,2500086,US,US,US,USD,
18424,32775,469288,US,US,US,USD,
20171,32783,2392910,US,US,US,USD,
18424,32808,469373,US,US,US,USD,
17803,32883,2604244,US,US,US,USD,
7270,32970,11748,US,US,US,USD,
36986,33108,133967,US,US,US,USD,
18424,33126,469371,US,US,US,USD,
4498,33130,11159,US,US,US,USD,
134223,33204,1834369,US,US,US,USD,
134223,33220,1834373,US,US,US,USD,
134223,33235,1834368,US,US,US,USD,
24759,33270,2313341,US,US,US,USD,
24759,33279,2313344,US,US,US,USD,
24759,33289,2313343,US,US,US,USD,
57951,3330,,US,US,US,USD,
2094,33323,802566,US,US,US,USD,
10948,33346,2155504,US,US,US,USD,
18424,33348,143726,US,US,US,USD,
6095,33410,13481,US,US,US,USD,
20171,33516,1985299,US,US,US,USD,
40922,33537,1324,US,US,US,USD,
14579,33566,1126488,US,US,US,USD,
21221,33573,1529355,US,US,US,USD,
12979,33595,1395578,US,US,US,USD,
24897,33659,1706449,US,US,US,USD,
24897,33667,1706458,US,US,US,USD,
24897,33677,1706452,US,US,US,USD,
24897,33690,1706445,US,US,US,USD,
24897,33697,1706467,US,US,US,USD,
10948,33734,1577319,US,US,US,USD,
14579,33819,1887858,US,US,US,USD,
97516,3382,,US,US,US,USD,
40922,33856,11382,US,US,US,USD,
20171,33857,1833948,US,US,US,USD,
2094,33933,1015018,US,US,US,USD,
12979,33976,172190,US,US,US,USD,
18424,33982,143716,US,US,US,USD,
10948,34095,1410935,US,US,US,USD,
179853,34137,1982095,US,US,US,USD,
179853,34144,1595569,US,US,US,USD,
15091,34155,913191,US,US,US,USD,
20171,34216,2337610,US,US,US,USD,
6095,34237,933738,US,US,US,USD,
4336,34444,2024779,US,US,US,USD,
4336,34449,2024775,US,US,US,USD,
4336,34455,2024771,US,US,US,USD,
2094,34457,32044,US,US,US,USD,
1230,34597,1450750,US,US,US,USD,
2094,34625,1188141,US,US,US,USD,
2094,34639,1188142,US,US,US,USD,
2094,34657,1188140,US,US,US,USD,
31569,34728,1116905,US,US,US,USD,
2094,34774,2099753,US,US,US,USD,
154016,34812,1389107,US,US,US,USD,
7270,34813,1161511,US,US,US,USD,
6095,34867,774936,US,US,US,USD,
4026,34878,653549,US,US,US,USD,
2094,34906,332037,US,US,US,USD,
17824,34919,972625,US,US,US,USD,
20171,35006,1643964,US,US,US,USD,
19743,35013,771838,US,US,US,USD,
20171,35016,1643962,US,US,US,USD,
8851,35019,2230186,US,US,US,USD,
97516,35069,2043342,US,US,US,USD,
40922,35088,1932392,US,US,US,USD,
2094,35100,1869793,US,US,US,USD,
2094,35102,1869785,US,US,US,USD,
4336,35111,799975,US,US,US,USD,
4336,35123,1153753,US,US,US,USD,
2094,35133,1869791,US,US,US,USD,
2094,35175,2762002,US,US,US,USD,
10948,35192,2849693,US,US,US,USD,
18424,35286,374601,US,US,US,USD,
18424,35296,469501,US,US,US,USD,
4026,35299,653546,US,US,US,USD,
18424,35316,469503,US,US,US,USD,
4026,35334,653548,US,US,US,USD,
19743,35347,774820,US,US,US,USD,
14579,35379,2446843,US,US,US,USD,
20171,35389,2336656,US,US,US,USD,
18424,35415,143724,US,US,US,USD,
18424,35426,711593,US,US,US,USD,
18424,35433,143729,US,US,US,USD,
18424,35452,68115,US,US,US,USD,
4881,35469,1092,US,US,US,USD,
20171,35486,2336660,US,US,US,USD,
17803,35513,2809108,US,US,US,USD,
2094,35573,358304,US,US,US,USD,
2094,35578,243870,US,US,US,USD,
24759,35588,2290776,US,US,US,USD,
2094,35589,359555,US,US,US,USD,
4336,35613,873090,US,US,US,USD,
10948,35629,1284701,US,US,US,USD,
14579,35639,2421864,US,US,US,USD,
14579,35657,2421866,US,US,US,USD,
20171,35754,2272942,US,US,US,USD,
20171,35770,2272946,US,US,US,USD,
7270,35876,2723923,US,US,US,USD,
12979,35948,1185546,US,US,US,USD,
6095,36043,561811,US,US,US,USD,
2094,36076,1963267,US,US,US,USD,
24897,36148,1509616,US,US,US,USD,
10948,36191,1155640,US,US,US,USD,
12979,36257,140111,US,US,US,USD,
17824,36292,2264799,US,US,US,USD,
4009,364,,US,US,US,USD,
17824,36602,1492941,US,US,US,USD,
20171,36605,2569417,US,US,US,USD,
4336,36615,166800,US,US,US,USD,
14579,36724,481077,US,US,US,USD,
4336,36796,5874,US,US,US,USD,
4026,368,,US,US,US,USD,
40922,37005,2138536,US,US,US,USD,
57275,37084,270764,US,US,US,USD,
4336,37089,1251648,US,US,US,USD,
20171,37095,2323923,US,US,US,USD,
4336,37166,2024759,US,US,US,USD,
4336,37169,2024754,US,US,US,USD,
5500,37188,6568,US,US,US,USD,
4336,37198,2024755,US,US,US,USD,
4336,37217,166711,US,US,US,USD,
12979,37274,1190735,US,US,US,USD,
2454,37322,43758,US,US,US,USD,
18424,37323,469370,US,US,US,USD,
40922,37329,469272,US,US,US,USD,
18424,37331,469509,US,US,US,USD,
18424,37341,469429,US,US,US,USD,
18424,37358,469291,US,US,US,USD,
2454,37362,467005,US,US,US,USD,
36834,37386,948326,US,US,US,USD,
699,37542,1457382,US,US,US,USD,
15977,37592,25652,US,US,US,USD,
37024,37620,412697,US,US,US,USD,
37024,37629,571059,US,US,US,USD,
37024,37636,571069,US,US,US,USD,
37024,37659,809605,US,US,US,USD,
16341,37671,898935,US,US,US,USD,
30876,37760,101595,US,US,US,USD,
30876,37777,204768,US,US,US,USD,
30876,37797,2623285,US,US,US,USD,
2092,37838,1191482,US,US,US,USD,
2092,37853,1191464,US,US,US,USD,
2092,37870,1191483,US,US,US,USD,
699,37999,1307159,US,US,US,USD,
699,38015,1307160,US,US,US,USD,
2092,38039,2223494,US,US,US,USD,
324038,38053,2668094,US,US,US,USD,
20171,38098,2567942,US,US,US,USD,
7051,38240,2821870,US,US,US,USD,
30876,38268,2597320,US,US,US,USD,
30876,38313,296605,US,US,US,USD,
30876,38317,204784,US,US,US,USD,
30876,38346,204781,US,US,US,USD,
20171,38369,1154882,US,US,US,USD,
20171,38430,1544831,US,US,US,USD,
2092,38472,1191519,US,US,US,USD,
2092,38478,1191514,US,US,US,USD,
2092,38484,1191512,US,US,US,USD,
20171,38500,1720802,US,US,US,USD,
2092,38504,1191522,US,US,US,USD,
2092,38505,1191516,US,US,US,USD,
2092,38533,1191524,US,US,US,USD,
20171,38573,1145826,US,US,US,USD,
37024,38594,557269,US,US,US,USD,
20171,38599,1589642,US,US,US,USD,
16222,38608,426156,US,US,US,USD,
20171,38613,1651985,US,US,US,USD,
20171,38645,1651982,US,US,US,USD,
2092,38654,932889,US,US,US,USD,
37024,38693,961768,US,US,US,USD,
12979,38806,860677,US,US,US,USD,
12979,38820,32042,US,US,US,USD,
24759,38849,549324,US,US,US,USD,
12979,38883,1754861,US,US,US,USD,
12979,38887,1754858,US,US,US,USD,
12979,38899,1754864,US,US,US,USD,
12979,38912,1754859,US,US,US,USD,
30876,38944,962091,US,US,US,USD,
2092,39005,933011,US,US,US,USD,
12979,39081,2470731,US,US,US,USD,
37024,39093,645219,US,US,US,USD,
7051,39109,595274,US,US,US,USD,
36986,39141,1183125,US,US,US,USD,
37024,39204,478606,US,US,US,USD,
37024,39212,771629,US,US,US,USD,
22639,39403,1494978,US,US,US,USD,
22639,39408,1494976,US,US,US,USD,
22639,39428,1494981,US,US,US,USD,
37024,39461,547613,US,US,US,USD,
37024,39491,590278,US,US,US,USD,
2092,39499,2223478,US,US,US,USD,
2092,39500,2223471,US,US,US,USD,
2092,39504,599087,US,US,US,USD,
2092,39510,599082,US,US,US,USD,
7051,39518,595279,US,US,US,USD,
2092,39528,2223474,US,US,US,USD,
7051,39576,1491587,US,US,US,USD,
37024,39584,961772,US,US,US,USD,
37024,39593,961761,US,US,US,USD,
16222,39624,426148,US,US,US,USD,
16222,39640,395949,US,US,US,USD,
16222,39656,426153,US,US,US,USD,
20171,39716,1739842,US,US,US,USD,
37024,39730,547611,US,US,US,USD,
37024,39735,566841,US,US,US,USD,
15977,39737,31781,US,US,US,USD,
6095,39761,87930,US,US,US,USD,
2092,39781,993775,US,US,US,USD,
36986,39796,1777045,US,US,US,USD,
4336,398,,US,US,US,USD,
37024,39867,756863,US,US,US,USD,
7051,39873,595278,US,US,US,USD,
14460,39928,404151,US,US,US,USD,
699,39952,1615610,US,US,US,USD,
16341,39958,1147880,US,US,US,USD,
699,39998,1644223,US,US,US,USD,
20171,40011,1629604,US,US,US,USD,
20171,40060,2359548,US,US,US,USD,
37024,40091,1036110,US,US,US,USD,
37024,40261,759966,US,US,US,USD,
37024,40303,486405,US,US,US,USD,
10948,40350,30965,US,US,US,USD,
699,40424,1502631,US,US,US,USD,
2092,40494,1191576,US,US,US,USD,
37024,40495,7833,US,US,US,USD,
4389,405,,US,US,US,USD,
2092,40527,1191572,US,US,US,USD,
37024,40528,616182,US,US,US,USD,
2092,40629,1191526,US,US,US,USD,
208585,40635,2421831,US,US,US,USD,
35662,40802,20331,US,US,US,USD,
2092,40836,599100,US,US,US,USD,
12979,40888,1389813,US,US,US,USD,
2092,40916,2223488,US,US,US,USD,
2092,40924,2223487,US,US,US,USD,
699,4102,,US,US,US,USD,
12979,41052,1190430,US,US,US,USD,
8851,41073,1079739,US,US,US,USD,
18424,41078,469500,US,US,US,USD,
20171,41117,2653468,US,US,US,USD,
20171,41132,2653474,US,US,US,USD,
32508,41214,100924,US,US,US,USD,
2454,41274,962445,US,US,US,USD,
4336,41319,802630,US,US,US,USD,
4498,4132,,US,US,US,USD,
154016,41323,1382818,US,US,US,USD,
154016,41338,1382819,US,US,US,USD,
17803,41544,1306975,US,US,US,USD,
4009,41652,219622,US,US,US,USD,
2454,41661,810042,US,US,US,USD,
2094,41781,1369851,US,US,US,USD,
2094,41787,1369844,US,US,US,USD,
2094,41797,1369786,US,US,US,USD,
14561,4181,,US,US,US,USD,
2094,41813,1369848,US,US,US,USD,
6095,41830,301274,US,US,US,USD,
2094,41843,1076987,US,US,US,USD,
2094,4186,,US,US,US,USD,
18424,41874,966773,US,US,US,USD,
2094,41985,1369803,US,US,US,USD,
2094,41989,1369791,US,US,US,USD,
2094,41994,1369805,US,US,US,USD,
2094,41995,1369779,US,US,US,USD,
2094,41997,1369774,US,US,US,USD,
12979,42001,1303011,US,US,US,USD,
2094,42003,1369804,US,US,US,USD,
2094,42006,1369811,US,US,US,USD,
2094,42018,1369799,US,US,US,USD,
40922,42020,255741,US,US,US,USD,
2094,42021,1369809,US,US,US,USD,
2094,42026,1369776,US,US,US,USD,
40922,42053,637309,US,US,US,USD,
17824,4206,,US,US,US,USD,
40922,42274,1326,US,US,US,USD,
40922,42304,209994,US,US,US,USD,
20171,42417,1657896,US,US,US,USD,
20171,42432,1657897,US,US,US,USD,
16341,42445,88037,US,US,US,USD,
2092,42466,1191444,US,US,US,USD,
207294,42529,1325422,US,US,US,USD,
8851,42648,1079732,US,US,US,USD,
8851,42682,1079729,US,US,US,USD,
36986,42813,653781,US,US,US,USD,
20171,42912,1759662,US,US,US,USD,
101384,42927,574747,US,US,US,USD,
18424,42928,711621,US,US,US,USD,
4336,42966,893632,US,US,US,USD,
4336,43009,5876,US,US,US,USD,
4336,43025,797782,US,US,US,USD,
4336,43043,797816,US,US,US,USD,
31572,43131,1192850,US,US,US,USD,
17824,43154,1095658,US,US,US,USD,
101384,4330,,US,US,US,USD,
10948,43309,8392,US,US,US,USD,
7051,43313,53012,US,US,US,USD,
2092,43329,1191529,US,US,US,USD,
11084,43346,1095999,US,US,US,USD,
134223,4336,,US,US,US,USD,
2094,43370,1235249,US,US,US,USD,
2094,43399,1235250,US,US,US,USD,
24759,43436,9944,US,US,US,USD,
30876,43543,930510,US,US,US,USD,
9370,43580,1297827,US,US,US,USD,
2454,43672,1281580,US,US,US,USD,
154016,43686,1477804,US,US,US,USD,
24759,43737,9954,US,US,US,USD,
172473,4382,,US,US,US,USD,
18424,43844,65689,US,US,US,USD,
2092,4390,,US,US,US,USD,
21221,4394,,US,US,US,USD,
2094,43971,1631319,US,US,US,USD,
6095,44069,301275,US,US,US,USD,
16341,44070,176571,US,US,US,USD,
4336,44119,893635,US,US,US,USD,
2092,44120,599092,US,US,US,USD,
12979,44129,701901,US,US,US,USD,
30876,44194,204790,US,US,US,USD,
12979,44345,220014,US,US,US,USD,
12979,44354,68467,US,US,US,USD,
12979,44360,134845,US,US,US,USD,
12979,44377,109254,US,US,US,USD,
19743,44510,1275658,US,US,US,USD,
19743,44516,1275657,US,US,US,USD,
154016,44526,44842,US,US,US,USD,
2454,44552,810033,US,US,US,USD,
10948,44555,920660,US,US,US,USD,
18424,44556,469368,US,US,US,USD,
21221,44615,799355,US,US,US,USD,
18424,44792,469508,US,US,US,USD,
24759,44812,1262660,US,US,US,USD,
4336,44838,836314,US,US,US,USD,
16341,44854,183171,US,US,US,USD,
2094,44928,765023,US,US,US,USD,
10948,45030,1179879,US,US,US,USD,
10948,45040,1179876,US,US,US,USD,
10948,45056,1179881,US,US,US,USD,
17824,45127,1461019,US,US,US,USD,
36834,45158,1137588,US,US,US,USD,
33933,4523,,US,US,US,USD,
7051,45244,595270,US,US,US,USD,
7051,45253,595249,US,US,US,USD,
8851,45291,2770529,US,US,US,USD,
154016,45355,177529,US,US,US,USD,
2094,45379,2075163,US,US,US,USD,
154016,45504,621979,US,US,US,USD,
4336,45603,813812,US,US,US,USD,
4336,45606,797765,US,US,US,USD,
4336,45619,800473,US,US,US,USD,
4336,45632,760166,US,US,US,USD,
5500,45636,1027018,US,US,US,USD,
13976,45751,187302,US,US,US,USD,
40922,45752,1680930,US,US,US,USD,
2092,45784,1191489,US,US,US,USD,
2092,46018,599099,US,US,US,USD,
8851,46046,1079737,US,US,US,USD,
8851,46051,1079733,US,US,US,USD,
8851,46064,1079738,US,US,US,USD,
2094,46075,426599,US,US,US,USD,
8851,46078,1079736,US,US,US,USD,
2094,46090,416557,US,US,US,USD,
35572,46138,1380607,US,US,US,USD,
18424,46146,469282,US,US,US,USD,
8851,46230,1079743,US,US,US,USD,
31572,46331,1304829,US,US,US,USD,
154016,46373,1276380,US,US,US,USD,
9370,46408,48796,US,US,US,USD,
40922,46530,209992,US,US,US,USD,
4336,46708,1085910,US,US,US,USD,
10948,46722,1201718,US,US,US,USD,
6095,46766,1037952,US,US,US,USD,
40922,46781,61155,US,US,US,USD,
30876,46793,204788,US,US,US,USD,
2092,46799,993785,US,US,US,USD,
40922,46810,469275,US,US,US,USD,
2454,46811,810040,US,US,US,USD,
4336,46815,166694,US,US,US,USD,
2094,46819,421864,US,US,US,USD,
26042,46825,137368,US,US,US,USD,
2094,46827,1235252,US,US,US,USD,
2094,46833,1235256,US,US,US,USD,
2094,46834,1235247,US,US,US,USD,
2094,46836,1235254,US,US,US,USD,
2454,46842,810038,US,US,US,USD,
2094,46843,1235253,US,US,US,USD,
2094,46846,1235257,US,US,US,USD,
2094,46851,1235248,US,US,US,USD,
2094,46861,1235251,US,US,US,USD,
2094,46862,1235255,US,US,US,USD,
1873,46907,1416,US,US,US,USD,
24759,46918,1099770,US,US,US,USD,
29499,46974,1489722,US,US,US,USD,
2094,46989,426587,US,US,US,USD,
2094,47122,1538759,US,US,US,USD,
2094,47138,1538764,US,US,US,USD,
20171,47164,1112497,US,US,US,USD,
2094,47182,1112566,US,US,US,USD,
7270,47289,439742,US,US,US,USD,
5500,47299,6566,US,US,US,USD,
154016,47303,856178,US,US,US,USD,
10948,47486,1758025,US,US,US,USD,
10948,47516,1758027,US,US,US,USD,
36834,47577,447798,US,US,US,USD,
16222,47660,426157,US,US,US,USD,
10948,47760,1758020,US,US,US,USD,
2094,47810,947520,US,US,US,USD,
2094,47841,426597,US,US,US,USD,
2094,47846,426933,US,US,US,USD,
2094,47857,223295,US,US,US,USD,
2094,47874,426582,US,US,US,USD,
12979,47875,1441850,US,US,US,USD,
16341,47960,1147879,US,US,US,USD,
40922,47983,1580148,US,US,US,USD,
10948,4805,,US,US,US,USD,
15977,48124,314485,US,US,US,USD,
19743,48156,1441471,US,US,US,USD,
19743,48162,1441470,US,US,US,USD,
19743,48183,1441473,US,US,US,USD,
36834,48408,940770,US,US,US,USD,
36834,48423,944659,US,US,US,USD,
12979,48456,2027598,US,US,US,USD,
20171,48459,1251301,US,US,US,USD,
17824,48500,1451609,US,US,US,USD,
33933,48616,946518,US,US,US,USD,
6095,4862,,US,US,US,USD,
4336,48665,797772,US,US,US,USD,
4336,48666,797748,US,US,US,USD,
2092,48668,1191507,US,US,US,USD,
2092,48672,1191503,US,US,US,USD,
4336,48678,797820,US,US,US,USD,
2092,48684,1191479,US,US,US,USD,
4336,48694,797756,US,US,US,USD,
2092,48701,1191506,US,US,US,USD,
2094,48704,2075159,US,US,US,USD,
2094,48710,2075162,US,US,US,USD,
18424,48715,2799217,US,US,US,USD,
16222,48809,1661468,US,US,US,USD,
2094,48830,1563141,US,US,US,USD,
11202,48836,19992,US,US,US,USD,
2094,48861,642345,US,US,US,USD,
2092,49045,933086,US,US,US,USD,
19743,49200,1300978,US,US,US,USD,
2094,49251,1039909,US,US,US,USD,
21909,49312,24796,US,US,US,USD,
12979,49359,134846,US,US,US,USD,
154016,49366,134590,US,US,US,USD,
24759,49410,78546,US,US,US,USD,
24759,49414,735458,US,US,US,USD,
24759,49430,329914,US,US,US,USD,
24759,49449,9955,US,US,US,USD,
24759,49452,9950,US,US,US,USD,
12979,49640,1071595,US,US,US,USD,
57275,49687,1890093,US,US,US,USD,
18424,49706,469372,US,US,US,USD,
17481,49714,984700,US,US,US,USD,
24759,49716,67861,US,US,US,USD,
2094,49717,315349,US,US,US,USD,
154016,49734,1147666,US,US,US,USD,
24759,49742,67864,US,US,US,USD,
10948,49812,1052322,US,US,US,USD,
10948,49828,1052324,US,US,US,USD,
10948,49843,1052320,US,US,US,USD,
31572,49932,2182726,US,US,US,USD,
20171,49967,2181942,US,US,US,USD,
17803,50159,1351639,US,US,US,USD,
10948,50170,1098612,US,US,US,USD,
10948,50174,1098608,US,US,US,USD,
10948,50179,1098616,US,US,US,USD,
10948,50187,1098615,US,US,US,USD,
20171,50199,2182026,US,US,US,USD,
10948,50203,1098610,US,US,US,USD,
2094,50269,2078405,US,US,US,USD,
154016,50329,611675,US,US,US,USD,
7270,50387,1044719,US,US,US,USD,
2094,50444,243872,US,US,US,USD,
5995,50512,1395130,US,US,US,USD,
5995,50521,1395132,US,US,US,USD,
4881,50524,163257,US,US,US,USD,
37024,50578,566837,US,US,US,USD,
2094,50595,421866,US,US,US,USD,
40922,50743,2191165,US,US,US,USD,
18424,50836,711603,US,US,US,USD,
2454,50865,1304128,US,US,US,USD,
207294,5089,,US,US,US,USD,
2454,50895,1304125,US,US,US,USD,
2094,50928,1128982,US,US,US,USD,
17824,50934,1128972,US,US,US,USD,
20171,50939,1129022,US,US,US,USD,
2094,50943,1662299,US,US,US,USD,
2094,50950,1662305,US,US,US,USD,
2094,50955,426605,US,US,US,USD,
2094,50959,1662302,US,US,US,USD,
2094,50961,948166,US,US,US,USD,
2094,50962,416542,US,US,US,USD,
2094,50970,243873,US,US,US,USD,
2094,50973,416555,US,US,US,USD,
2094,50977,948160,US,US,US,USD,
29063,50980,880309,US,US,US,USD,
4336,50982,873124,US,US,US,USD,
2094,50993,426608,US,US,US,USD,
4336,51008,878898,US,US,US,USD,
4336,51014,873114,US,US,US,USD,
2094,51114,1369885,US,US,US,USD,
2094,51123,1369890,US,US,US,USD,
2094,51125,1369854,US,US,US,USD,
2094,51130,1369865,US,US,US,USD,
2094,51131,1369889,US,US,US,USD,
2094,51133,1369881,US,US,US,USD,
2094,51135,1369874,US,US,US,USD,
2094,51138,1369863,US,US,US,USD,
2094,51139,1369884,US,US,US,USD,
2094,51143,1369871,US,US,US,USD,
2094,51147,1369882,US,US,US,USD,
2094,51151,1369898,US,US,US,USD,
2094,51155,1369852,US,US,US,USD,
2094,51158,1369867,US,US,US,USD,
2094,51165,1369880,US,US,US,USD,
2094,51169,1369812,US,US,US,USD,
166635,5118,,US,US,US,USD,
187724,5120,,US,US,US,USD,
29499,51234,47016,US,US,US,USD,
2094,51359,1369835,US,US,US,USD,
2094,51364,1369823,US,US,US,USD,
2094,51366,1369842,US,US,US,USD,
2094,51377,1369841,US,US,US,USD,
2094,51393,1369824,US,US,US,USD,
14579,51452,760161,US,US,US,USD,
10948,5181,,US,US,US,USD,
7270,51824,2723917,US,US,US,USD,
4336,51956,921589,US,US,US,USD,
19743,51988,1158262,US,US,US,USD,
2454,52036,1295758,US,US,US,USD,
2454,52057,1295765,US,US,US,USD,
21909,52084,1303859,US,US,US,USD,
20171,52157,1286403,US,US,US,USD,
2094,52169,1372339,US,US,US,USD,
20171,52171,1286406,US,US,US,USD,
10948,52172,1158286,US,US,US,USD,
20171,52188,1286400,US,US,US,USD,
20171,52298,2381292,US,US,US,USD,
699,52379,1305241,US,US,US,USD,
154016,52483,1813103,US,US,US,USD,
24897,52500,1763497,US,US,US,USD,
154016,52517,1813101,US,US,US,USD,
2094,52568,47851,US,US,US,USD,
17824,52629,1529830,US,US,US,USD,
16222,52750,417528,US,US,US,USD,
2094,52862,243871,US,US,US,USD,
2094,52867,426577,US,US,US,USD,
10948,52889,803850,US,US,US,USD,
2094,52894,572641,US,US,US,USD,
5500,529,,US,US,US,USD,
2094,53098,416552,US,US,US,USD,
2092,53133,2223492,US,US,US,USD,
2092,53141,2223490,US,US,US,USD,
4336,53184,893619,US,US,US,USD,
4336,53200,921157,US,US,US,USD,
4336,53216,846651,US,US,US,USD,
8851,53230,1164841,US,US,US,USD,
36834,53255,1345077,US,US,US,USD,
2094,53334,1195,US,US,US,USD,
4336,53374,2024763,US,US,US,USD,
9539,5342,,US,US,US,USD,
37024,53515,645203,US,US,US,USD,
37024,53525,478613,US,US,US,USD,
14579,53544,761904,US,US,US,USD,
40922,53595,1322,US,US,US,USD,
40922,53606,419455,US,US,US,USD,
40922,53626,11381,US,US,US,USD,
2094,53627,785613,US,US,US,USD,
7051,53629,595266,US,US,US,USD,
9370,53698,1168118,US,US,US,USD,
22639,53717,966398,US,US,US,USD,
37024,53722,961780,US,US,US,USD,
37024,53754,961775,US,US,US,USD,
36834,54262,940776,US,US,US,USD,
37024,54263,809153,US,US,US,USD,
40922,54307,469924,US,US,US,USD,
8851,54327,1079740,US,US,US,USD,
37024,54346,557270,US,US,US,USD,
4336,54390,2024731,US,US,US,USD,
4336,54392,2024768,US,US,US,USD,
4336,54399,2024765,US,US,US,USD,
31572,5440,,US,US,US,USD,
4336,54404,2024744,US,US,US,USD,
6095,54408,561783,US,US,US,USD,
2094,54414,1216942,US,US,US,USD,
4336,54422,2024729,US,US,US,USD,
6095,54428,386892,US,US,US,USD,
36834,54484,948629,US,US,US,USD,
36834,54509,940768,US,US,US,USD,
2094,54537,672209,US,US,US,USD,
2094,54564,32046,US,US,US,USD,
15091,54589,913190,US,US,US,USD,
4336,54649,2024750,US,US,US,USD,
4336,54653,2024655,US,US,US,USD,
4336,54667,2024669,US,US,US,USD,
4336,54685,2024645,US,US,US,USD,
2094,54688,223284,US,US,US,USD,
16341,54730,174194,US,US,US,USD,
31572,5479,,US,US,US,USD,
31572,5486,,US,US,US,USD,
31572,5487,,US,US,US,USD,
31572,5489,,US,US,US,USD,
35572,54930,1390938,US,US,US,USD,
6095,54991,952897,US,US,US,USD,
134223,55003,799922,US,US,US,USD,
12979,55004,9987,US,US,US,USD,
12979,55012,9986,US,US,US,USD,
24759,55017,9953,US,US,US,USD,
36834,55022,924454,US,US,US,USD,
2094,55159,1325252,US,US,US,USD,
32508,55205,2327246,US,US,US,USD,
4336,55235,941108,US,US,US,USD,
4336,55273,802632,US,US,US,USD,
2094,55339,948138,US,US,US,USD,
18424,55460,469507,US,US,US,USD,
7270,55468,2083519,US,US,US,USD,
18424,55469,469287,US,US,US,USD,
30876,55511,932849,US,US,US,USD,
30876,55521,932879,US,US,US,USD,
30876,55546,932887,US,US,US,USD,
36867,55617,95576,US,US,US,USD,
2092,55628,2223485,US,US,US,USD,
2092,55633,2223481,US,US,US,USD,
6095,55649,933736,US,US,US,USD,
37024,55650,1036117,US,US,US,USD,
2092,55661,2223482,US,US,US,USD,
7051,55687,595261,US,US,US,USD,
2092,55751,933075,US,US,US,USD,
2092,55756,933001,US,US,US,USD,
2092,55769,932877,US,US,US,USD,
2092,55786,932894,US,US,US,USD,
17824,55801,925722,US,US,US,USD,
17824,55804,924747,US,US,US,USD,
17824,55834,921262,US,US,US,USD,
154016,55848,7230,US,US,US,USD,
154016,55994,2965,US,US,US,USD,
187724,5600,,US,US,US,USD,
8939,56089,1018364,US,US,US,USD,
40922,56184,298160,US,US,US,USD,
17824,56254,1517534,US,US,US,USD,
16222,56327,426151,US,US,US,USD,
10948,56391,1284707,US,US,US,USD,
10948,56398,1284713,US,US,US,USD,
10948,56399,1284709,US,US,US,USD,
10948,56400,1284698,US,US,US,USD,
10948,56406,1284695,US,US,US,USD,
10948,56409,1284708,US,US,US,USD,
10948,56411,1284719,US,US,US,USD,
10948,56416,1284699,US,US,US,USD,
10948,56424,1284706,US,US,US,USD,
10948,56427,1284711,US,US,US,USD,
10948,56433,1284696,US,US,US,USD,
4336,56440,893704,US,US,US,USD,
4336,56459,1153736,US,US,US,USD,
6095,56484,721440,US,US,US,USD,
4336,56485,893743,US,US,US,USD,
4336,56493,893708,US,US,US,USD,
4336,56502,893596,US,US,US,USD,
6095,56563,622262,US,US,US,USD,
31572,5660,,US,US,US,USD,
31569,56845,5061,US,US,US,USD,
37024,56857,1036118,US,US,US,USD,
37024,56861,1036125,US,US,US,USD,
37024,56863,1036122,US,US,US,USD,
37024,56868,1036130,US,US,US,USD,
37024,56871,1036119,US,US,US,USD,
37024,56877,1036128,US,US,US,USD,
37024,56887,1036116,US,US,US,USD,
2094,56888,31068,US,US,US,USD,
37024,56891,1036124,US,US,US,USD,
4336,56926,802628,US,US,US,USD,
1647,56961,1297853,US,US,US,USD,
209187,57016,2428305,US,US,US,USD,
12979,57021,2027608,US,US,US,USD,
12979,57052,2027606,US,US,US,USD,
4336,57071,802622,US,US,US,USD,
2092,57118,599090,US,US,US,USD,
4881,57127,4115,US,US,US,USD,
37024,57151,1036135,US,US,US,USD,
37024,57156,1036132,US,US,US,USD,
37024,57183,1036134,US,US,US,USD,
2454,57238,1287085,US,US,US,USD,
10948,57304,1208617,US,US,US,USD,
17803,5734,,US,US,US,USD,
17803,5736,,US,US,US,USD,
20171,57564,1659463,US,US,US,USD,
4336,57695,921124,US,US,US,USD,
29499,57701,2705326,US,US,US,USD,
10948,57716,1832341,US,US,US,USD,
22639,57778,9447,US,US,US,USD,
36986,57927,2492458,US,US,US,USD,
5995,580,,US,US,US,USD,
7270,58177,2191673,US,US,US,USD,
2454,58217,810043,US,US,US,USD,
2094,58248,1662291,US,US,US,USD,
2094,58257,1662294,US,US,US,USD,
20171,58260,1952995,US,US,US,USD,
2094,58263,1662292,US,US,US,USD,
2094,58283,1662296,US,US,US,USD,
6095,58353,218997,US,US,US,USD,
10948,5851,,US,US,US,USD,
2092,58625,1191518,US,US,US,USD,
1230,58717,949263,US,US,US,USD,
4336,58740,1251647,US,US,US,USD,
4336,58749,1251646,US,US,US,USD,
20171,58803,1286394,US,US,US,USD,
7051,58841,595243,US,US,US,USD,
7051,58850,595246,US,US,US,USD,
7051,58869,595226,US,US,US,USD,
20171,58939,1806597,US,US,US,USD,
17824,58959,1830699,US,US,US,USD,
2094,59015,879524,US,US,US,USD,
20171,59227,2399281,US,US,US,USD,
2092,59253,1191457,US,US,US,USD,
2092,59256,1191475,US,US,US,USD,
2092,59260,1191471,US,US,US,USD,
2092,59269,1191467,US,US,US,USD,
6095,59406,314213,US,US,US,USD,
2094,59465,1264721,US,US,US,USD,
2092,59510,1191476,US,US,US,USD,
156138,59543,2471411,US,US,US,USD,
156138,59549,2471405,US,US,US,USD,
19743,59568,1439351,US,US,US,USD,
156138,59578,2471410,US,US,US,USD,
20171,59624,2308179,US,US,US,USD,
6095,59653,561798,US,US,US,USD,
18424,59686,469514,US,US,US,USD,
4498,59818,1049628,US,US,US,USD,
10948,59878,1218961,US,US,US,USD,
14460,59884,1218955,US,US,US,USD,
4336,59933,1153742,US,US,US,USD,
32508,59937,936884,US,US,US,USD,
4498,59958,765561,US,US,US,USD,
4336,59990,921279,US,US,US,USD,
18424,60022,2527727,US,US,US,USD,
4336,60091,1153734,US,US,US,USD,
15415,60098,26148,US,US,US,USD,
4336,60116,1153758,US,US,US,USD,
4336,60121,1153752,US,US,US,USD,
4336,60133,1153760,US,US,US,USD,
4336,60148,1153755,US,US,US,USD,
4336,60167,797768,US,US,US,USD,
22639,60223,5064,US,US,US,USD,
37024,60413,1390069,US,US,US,USD,
6095,60433,2456659,US,US,US,USD,
7051,60435,595283,US,US,US,USD,
4336,60541,797722,US,US,US,USD,
154016,60552,67622,US,US,US,USD,
2094,60583,426561,US,US,US,USD,
29499,60804,145129,US,US,US,USD,
2454,60844,810046,US,US,US,USD,
15977,60931,1614127,US,US,US,USD,
10948,60939,1672999,US,US,US,USD,
10948,60970,1673001,US,US,US,USD,
17824,60989,1441790,US,US,US,USD,
2092,61060,599102,US,US,US,USD,
16341,61174,1642237,US,US,US,USD,
4336,61236,893728,US,US,US,USD,
2094,61367,2099802,US,US,US,USD,
2094,61385,2099805,US,US,US,USD,
1230,61456,949262,US,US,US,USD,
2092,61515,2540186,US,US,US,USD,
12979,61516,53602,US,US,US,USD,
20171,61540,1745681,US,US,US,USD,
21867,61574,1214765,US,US,US,USD,
18424,61581,469506,US,US,US,USD,
2094,61586,467728,US,US,US,USD,
2454,61625,962297,US,US,US,USD,
4336,61664,1153729,US,US,US,USD,
24759,61669,2339937,US,US,US,USD,
24759,61702,2339929,US,US,US,USD,
16222,61719,945013,US,US,US,USD,
4881,61746,51833,US,US,US,USD,
12979,61758,53608,US,US,US,USD,
7270,61815,2463802,US,US,US,USD,
10948,61923,1700225,US,US,US,USD,
2094,61980,1032146,US,US,US,USD,
33933,62101,488844,US,US,US,USD,
134223,62105,592680,US,US,US,USD,
2454,62143,1858302,US,US,US,USD,
2454,62152,1858312,US,US,US,USD,
2454,62159,1858306,US,US,US,USD,
4336,62201,1153720,US,US,US,USD,
40922,62223,295345,US,US,US,USD,
24897,62294,418207,US,US,US,USD,
2454,62404,1858272,US,US,US,USD,
2454,62416,1858297,US,US,US,USD,
37024,62425,566842,US,US,US,USD,
7051,62441,595250,US,US,US,USD,
20171,62443,2835284,US,US,US,USD,
37024,62452,771631,US,US,US,USD,
16222,62478,884523,US,US,US,USD,
20171,62561,2569391,US,US,US,USD,
18424,62598,469510,US,US,US,USD,
19743,62636,1774675,US,US,US,USD,
14579,62648,2452320,US,US,US,USD,
4336,62659,2170545,US,US,US,USD,
4336,62705,1153732,US,US,US,USD,
4336,62719,1153746,US,US,US,USD,
4336,62751,1153739,US,US,US,USD,
2092,62868,1679616,US,US,US,USD,
24759,62870,9948,US,US,US,USD,
2454,62879,962429,US,US,US,USD,
19743,62933,1581384,US,US,US,USD,
17803,62971,1748326,US,US,US,USD,
4336,62983,1153722,US,US,US,USD,
4336,62986,1153748,US,US,US,USD,
4336,63015,921162,US,US,US,USD,
2094,63042,416537,US,US,US,USD,
4336,63045,921296,US,US,US,USD,
2094,63074,426595,US,US,US,USD,
21221,63089,2148993,US,US,US,USD,
22639,63109,1589969,US,US,US,USD,
22639,63142,1589966,US,US,US,USD,
4336,63147,921268,US,US,US,USD,
4336,63251,1153726,US,US,US,USD,
4336,63265,1153731,US,US,US,USD,
2454,63279,1218688,US,US,US,USD,
7051,63399,1166493,US,US,US,USD,
4336,63432,166707,US,US,US,USD,
4336,63439,797805,US,US,US,USD,
4336,63465,893692,US,US,US,USD,
37024,63555,1036127,US,US,US,USD,
7051,63590,1166498,US,US,US,USD,
4336,63615,34600,US,US,US,USD,
4336,63646,797774,US,US,US,USD,
6095,63657,721457,US,US,US,USD,
28177,63823,584882,US,US,US,USD,
36834,63839,2825400,US,US,US,USD,
14579,63874,2446847,US,US,US,USD,
14579,63878,2446841,US,US,US,USD,
14579,63885,2446824,US,US,US,USD,
12979,63907,221221,US,US,US,USD,
12979,63915,140113,US,US,US,USD,
4336,63998,878868,US,US,US,USD,
4336,64026,797795,US,US,US,USD,
10948,64100,2432965,US,US,US,USD,
154016,64211,100430,US,US,US,USD,
20171,64247,2043372,US,US,US,USD,
20171,64250,2043370,US,US,US,USD,
21909,64275,15986,US,US,US,USD,
16222,64303,1661465,US,US,US,USD,
7270,64312,2765130,US,US,US,USD,
2094,64315,1325249,US,US,US,USD,
2094,64319,1325258,US,US,US,USD,
2094,64324,1325257,US,US,US,USD,
2094,64329,1325251,US,US,US,USD,
2094,64333,1325260,US,US,US,USD,
8918,64350,211703,US,US,US,USD,
166635,64409,769693,US,US,US,USD,
2092,64426,1191508,US,US,US,USD,
37024,64451,590272,US,US,US,USD,
12979,64524,1664348,US,US,US,USD,
37024,64604,768536,US,US,US,USD,
33933,64610,4684,US,US,US,USD,
37024,64629,547608,US,US,US,USD,
207294,647,,US,US,US,USD,
134223,64720,1752315,US,US,US,USD,
10948,64784,2612436,US,US,US,USD,
10948,64919,1672993,US,US,US,USD,
18424,64923,711599,US,US,US,USD,
1230,64931,949261,US,US,US,USD,
18424,64950,67328,US,US,US,USD,
7270,64990,2341023,US,US,US,USD,
7270,65164,2442887,US,US,US,USD,
4498,65171,218590,US,US,US,USD,
12979,65192,134850,US,US,US,USD,
12979,65204,173218,US,US,US,USD,
12979,65219,38390,US,US,US,USD,
2454,65229,961041,US,US,US,USD,
2094,65245,2833597,US,US,US,USD,
20171,65260,2382360,US,US,US,USD,
2454,65382,810045,US,US,US,USD,
14579,65479,2480988,US,US,US,USD,
14579,65498,2480994,US,US,US,USD,
40922,65543,2614502,US,US,US,USD,
4336,65649,166770,US,US,US,USD,
2094,65661,948132,US,US,US,USD,
30876,65809,6881,US,US,US,USD,
22639,65821,1494974,US,US,US,USD,
20171,65862,2597463,US,US,US,USD,
10948,65872,2612542,US,US,US,USD,
20171,65894,2597456,US,US,US,USD,
10948,65899,2612569,US,US,US,USD,
30876,65982,7668,US,US,US,USD,
35572,66028,2335062,US,US,US,USD,
2454,66099,810044,US,US,US,USD,
35572,66107,1358368,US,US,US,USD,
16222,66108,963597,US,US,US,USD,
7270,66116,50521,US,US,US,USD,
29499,66158,2702671,US,US,US,USD,
154016,66279,1382815,US,US,US,USD,
2094,66286,587589,US,US,US,USD,
2094,66697,1365999,US,US,US,USD,
2094,66717,1366002,US,US,US,USD,
2094,66731,1365996,US,US,US,USD,
6419,66865,911130,US,US,US,USD,
14579,66893,649192,US,US,US,USD,
2454,66935,155826,US,US,US,USD,
24759,67045,67868,US,US,US,USD,
8939,67063,209263,US,US,US,USD,
10948,67086,1240199,US,US,US,USD,
2094,67147,426542,US,US,US,USD,
2094,67169,1216938,US,US,US,USD,
2094,67194,1216940,US,US,US,USD,
2094,67265,1387060,US,US,US,USD,
2094,67272,1387057,US,US,US,USD,
2094,67288,1216943,US,US,US,USD,
2094,67294,1216941,US,US,US,USD,
40922,67434,2736,US,US,US,USD,
12979,67527,256119,US,US,US,USD,
2092,67609,1191495,US,US,US,USD,
2092,67615,1191492,US,US,US,USD,
2092,67636,1191501,US,US,US,USD,
10948,67783,1034301,US,US,US,USD,
20520,67798,14195,US,US,US,USD,
19743,67821,1197886,US,US,US,USD,
16222,67880,956011,US,US,US,USD,
12979,67915,1836631,US,US,US,USD,
4336,67923,878873,US,US,US,USD,
7270,67957,769443,US,US,US,USD,
17824,68028,972618,US,US,US,USD,
17824,68034,972620,US,US,US,USD,
17824,68035,972614,US,US,US,USD,
17824,68042,972615,US,US,US,USD,
17824,68047,972616,US,US,US,USD,
17824,68066,972619,US,US,US,USD,
35572,68141,2335916,US,US,US,USD,
35019,68176,1438951,US,US,US,USD,
4498,68198,421936,US,US,US,USD,
4498,68230,566576,US,US,US,USD,
154016,68363,891753,US,US,US,USD,
154016,68368,12195,US,US,US,USD,
154016,68388,602551,US,US,US,USD,
6662,685,,US,US,US,USD,
4336,68516,893684,US,US,US,USD,
2094,68586,1853892,US,US,US,USD,
16222,68601,963598,US,US,US,USD,
2094,68617,1853889,US,US,US,USD,
4336,68671,797792,US,US,US,USD,
4336,68672,878894,US,US,US,USD,
520270,68723,1014080,US,US,US,USD,
24759,68781,1982229,US,US,US,USD,
2094,68860,88441,US,US,US,USD,
10948,69029,1284715,US,US,US,USD,
311055,69044,1197272,US,US,US,USD,
19743,69133,1197882,US,US,US,USD,
4336,69166,797697,US,US,US,USD,
4336,69175,893713,US,US,US,USD,
40922,69336,419453,US,US,US,USD,
29063,69473,880306,US,US,US,USD,
10948,69495,2632307,US,US,US,USD,
154016,69521,6408,US,US,US,USD,
154016,69529,158935,US,US,US,USD,
154016,69536,35479,US,US,US,USD,
14579,69546,760156,US,US,US,USD,
26042,69568,30088,US,US,US,USD,
154016,69712,1813104,US,US,US,USD,
154016,69742,1813105,US,US,US,USD,
37024,69793,893431,US,US,US,USD,
35572,69859,1380603,US,US,US,USD,
35572,69884,1380605,US,US,US,USD,
37024,69928,111592,US,US,US,USD,
37024,69935,747208,US,US,US,USD,
37024,69944,893426,US,US,US,USD,
24759,6995,,US,US,US,USD,
2094,70034,359550,US,US,US,USD,
2092,70061,1003394,US,US,US,USD,
12979,70065,134849,US,US,US,USD,
12979,70072,326947,US,US,US,USD,
12979,70076,326950,US,US,US,USD,
12979,70094,134848,US,US,US,USD,
12979,70095,163610,US,US,US,USD,
12979,70097,787291,US,US,US,USD,
12979,70103,40692,US,US,US,USD,
12979,70107,164878,US,US,US,USD,
12979,70108,255622,US,US,US,USD,
10948,70123,1052250,US,US,US,USD,
12979,70125,92388,US,US,US,USD,
14579,702,,US,US,US,USD,
2094,70225,795066,US,US,US,USD,
2094,70243,308056,US,US,US,USD,
2094,70246,223288,US,US,US,USD,
2094,70276,359539,US,US,US,USD,
7051,70383,595281,US,US,US,USD,
10948,70450,1284702,US,US,US,USD,
4336,70455,797728,US,US,US,USD,
10948,70458,1284705,US,US,US,USD,
10948,70466,1284704,US,US,US,USD,
4336,70531,797738,US,US,US,USD,
4336,70558,921597,US,US,US,USD,
20171,70582,1763406,US,US,US,USD,
12979,70593,1247461,US,US,US,USD,
7051,70624,595238,US,US,US,USD,
2094,70646,359554,US,US,US,USD,
134223,70651,1809774,US,US,US,USD,
2094,70663,1325263,US,US,US,USD,
2094,70669,1325221,US,US,US,USD,
154016,70695,916947,US,US,US,USD,
29499,70710,610421,US,US,US,USD,
26042,70774,936640,US,US,US,USD,
14561,70790,1512100,US,US,US,USD,
134223,70808,803773,US,US,US,USD,
5995,70829,1395128,US,US,US,USD,
40922,70887,2191019,US,US,US,USD,
7270,70908,2355681,US,US,US,USD,
2094,70930,1325243,US,US,US,USD,
2094,70944,1325245,US,US,US,USD,
10948,70991,909704,US,US,US,USD,
2094,71047,958987,US,US,US,USD,
2094,71057,959110,US,US,US,USD,
31572,71136,2182717,US,US,US,USD,
10948,71139,926952,US,US,US,USD,
10948,71155,920663,US,US,US,USD,
35572,71171,1358950,US,US,US,USD,
19743,71174,1563525,US,US,US,USD,
35572,71205,1358948,US,US,US,USD,
18424,71225,357222,US,US,US,USD,
2094,71241,964341,US,US,US,USD,
2094,71282,959186,US,US,US,USD,
12979,71425,2398632,US,US,US,USD,
4336,71433,2024739,US,US,US,USD,
699,71438,2394715,US,US,US,USD,
699,71466,2394720,US,US,US,USD,
16222,71539,426154,US,US,US,USD,
20171,71626,1643966,US,US,US,USD,
40922,71659,2614448,US,US,US,USD,
16222,71751,461995,US,US,US,USD,
154016,71866,100427,US,US,US,USD,
154016,71874,670052,US,US,US,USD,
29063,71885,1140860,US,US,US,USD,
172473,71924,2733011,US,US,US,USD,
172473,71932,2733003,US,US,US,USD,
12979,72150,1185550,US,US,US,USD,
18424,72151,711623,US,US,US,USD,
30876,72180,930577,US,US,US,USD,
321441,72192,91329,US,US,US,USD,
2094,72278,426574,US,US,US,USD,
18424,72297,469498,US,US,US,USD,
21909,72336,24794,US,US,US,USD,
179853,72356,1982101,US,US,US,USD,
17953,72498,1393965,US,US,US,USD,
4336,72595,2538079,US,US,US,USD,
7270,72649,1281,US,US,US,USD,
7051,728,,US,US,US,USD,
19743,72829,1197889,US,US,US,USD,
2092,72886,993777,US,US,US,USD,
20171,72904,2352839,US,US,US,USD,
154016,73028,191548,US,US,US,USD,
20171,73040,2659556,US,US,US,USD,
209187,73072,2428294,US,US,US,USD,
10948,73158,1865258,US,US,US,USD,
2454,73199,810048,US,US,US,USD,
40922,73311,304648,US,US,US,USD,
2092,73327,599089,US,US,US,USD,
2094,73397,1239,US,US,US,USD,
14579,73511,419076,US,US,US,USD,
14579,73542,780497,US,US,US,USD,
12979,73572,898856,US,US,US,USD,
2094,73587,933991,US,US,US,USD,
2094,73615,964337,US,US,US,USD,
7270,73656,74096,US,US,US,USD,
4336,73955,167088,US,US,US,USD,
4336,73957,761460,US,US,US,USD,
4336,73958,893622,US,US,US,USD,
4336,73964,797804,US,US,US,USD,
4336,73972,802637,US,US,US,USD,
4336,73987,797762,US,US,US,USD,
4336,73992,878870,US,US,US,USD,
2454,74006,962444,US,US,US,USD,
22639,74054,966396,US,US,US,USD,
22639,74057,966393,US,US,US,USD,
36834,74060,948324,US,US,US,USD,
22639,74063,966392,US,US,US,USD,
20171,74066,2430436,US,US,US,USD,
22639,74069,966394,US,US,US,USD,
16222,74073,426150,US,US,US,USD,
22639,74086,966395,US,US,US,USD,
22639,74092,966397,US,US,US,USD,
2454,74279,962431,US,US,US,USD,
17803,74471,1442017,US,US,US,USD,
134223,74487,929165,US,US,US,USD,
321441,74503,929525,US,US,US,USD,
2454,74537,961039,US,US,US,USD,
37024,74553,1036109,US,US,US,USD,
37024,74561,1036114,US,US,US,USD,
37024,74571,1036112,US,US,US,USD,
37024,74586,1036106,US,US,US,USD,
7270,74656,393509,US,US,US,USD,
24759,74803,68470,US,US,US,USD,
6095,74897,933742,US,US,US,USD,
10948,74915,2405770,US,US,US,USD,
20171,74976,1917378,US,US,US,USD,
2094,75088,812676,US,US,US,USD,
10948,75127,2483300,US,US,US,USD,
21909,75142,79250,US,US,US,USD,
154016,75146,51680,US,US,US,USD,
10948,75155,2483305,US,US,US,USD,
154016,75188,670046,US,US,US,USD,
2094,7519,,US,US,US,USD,
36834,75197,912415,US,US,US,USD,
4336,75303,5875,US,US,US,USD,
26042,75306,14981,US,US,US,USD,
20171,75331,2382329,US,US,US,USD,
2094,75358,948133,US,US,US,USD,
520270,75376,1014082,US,US,US,USD,
20171,75412,2835291,US,US,US,USD,
7270,75440,2765135,US,US,US,USD,
7270,75456,2765136,US,US,US,USD,
2094,75504,32048,US,US,US,USD,
20171,75740,2653361,US,US,US,USD,
7270,75854,35414,US,US,US,USD,
10948,75855,920658,US,US,US,USD,
37024,75912,1036121,US,US,US,USD,
4336,75948,878861,US,US,US,USD,
4336,75960,797789,US,US,US,USD,
2094,75961,662317,US,US,US,USD,
4336,75976,5879,US,US,US,USD,
4336,75977,166704,US,US,US,USD,
24759,76022,9951,US,US,US,USD,
24759,76031,9956,US,US,US,USD,
5500,76074,81081,US,US,US,USD,
154016,76075,887569,US,US,US,USD,
154016,76102,5113,US,US,US,USD,
35019,76123,2593829,US,US,US,USD,
154016,76273,670041,US,US,US,USD,
154016,76283,143824,US,US,US,USD,
4336,76335,921142,US,US,US,USD,
154016,76374,11441,US,US,US,USD,
154016,76407,611678,US,US,US,USD,
20171,76415,2404452,US,US,US,USD,
24759,76439,9945,US,US,US,USD,
24759,76454,9947,US,US,US,USD,
24759,76473,68469,US,US,US,USD,
24759,76482,188363,US,US,US,USD,
18424,76570,934735,US,US,US,USD,
17481,76591,2138803,US,US,US,USD,
17481,76598,2138802,US,US,US,USD,
2094,76639,1173276,US,US,US,USD,
37024,76650,616197,US,US,US,USD,
6095,76654,301273,US,US,US,USD,
10948,76753,382944,US,US,US,USD,
2454,76758,462494,US,US,US,USD,
40922,76762,469271,US,US,US,USD,
209187,76801,2428317,US,US,US,USD,
154016,76958,35475,US,US,US,USD,
17824,76988,972623,US,US,US,USD,
17824,76993,972611,US,US,US,USD,
17824,76996,972624,US,US,US,USD,
17824,77005,972612,US,US,US,USD,
4336,77010,893682,US,US,US,USD,
36834,77015,940761,US,US,US,USD,
17824,77020,972626,US,US,US,USD,
29063,77096,79153,US,US,US,USD,
40922,77144,419454,US,US,US,USD,
154016,77164,100425,US,US,US,USD,
154016,77167,2615,US,US,US,USD,
7270,77168,381941,US,US,US,USD,
154016,77175,612524,US,US,US,USD,
154016,77182,891766,US,US,US,USD,
154016,77196,4225,US,US,US,USD,
7270,77200,382937,US,US,US,USD,
2094,77280,1760243,US,US,US,USD,
7270,77337,565964,US,US,US,USD,
4336,77348,921273,US,US,US,USD,
10948,77372,903366,US,US,US,USD,
6095,77474,757489,US,US,US,USD,
4336,77597,797719,US,US,US,USD,
10948,77625,1052321,US,US,US,USD,
17803,77675,795137,US,US,US,USD,
12979,77711,2027605,US,US,US,USD,
12979,77746,2027603,US,US,US,USD,
20171,77753,1251322,US,US,US,USD,
36834,77916,1137579,US,US,US,USD,
9370,77944,48793,US,US,US,USD,
20171,78038,1251312,US,US,US,USD,
2454,78131,1858275,US,US,US,USD,
2454,78140,1858281,US,US,US,USD,
2454,78147,1858279,US,US,US,USD,
2454,78168,1858283,US,US,US,USD,
1230,78318,949264,US,US,US,USD,
2094,78322,1662288,US,US,US,USD,
2094,78336,1662290,US,US,US,USD,
2094,78353,1662281,US,US,US,USD,
21909,78428,231618,US,US,US,USD,
12979,78433,117046,US,US,US,USD,
12979,78436,172189,US,US,US,USD,
24897,78459,938159,US,US,US,USD,
12979,78465,110893,US,US,US,USD,
24897,78488,938160,US,US,US,USD,
4336,78501,2024796,US,US,US,USD,
4336,78517,2024805,US,US,US,USD,
4336,78532,2024793,US,US,US,USD,
20171,78553,1590610,US,US,US,USD,
2094,78893,877627,US,US,US,USD,
7051,78934,595255,US,US,US,USD,
7051,78964,595241,US,US,US,USD,
2454,79085,810039,US,US,US,USD,
21909,79235,246998,US,US,US,USD,
2094,79255,1369872,US,US,US,USD,
22639,79315,184959,US,US,US,USD,
21909,79380,79270,US,US,US,USD,
154016,79414,34172,US,US,US,USD,
154016,79432,891762,US,US,US,USD,
154016,79445,12861,US,US,US,USD,
16222,79452,963591,US,US,US,USD,
36834,79458,940777,US,US,US,USD,
16222,79471,963593,US,US,US,USD,
36834,79551,912413,US,US,US,USD,
10948,79559,2754579,US,US,US,USD,
40922,79590,1325,US,US,US,USD,
40922,79596,245422,US,US,US,USD,
6095,79597,2388592,US,US,US,USD,
7051,79605,595245,US,US,US,USD,
40922,79607,1323,US,US,US,USD,
40922,79609,469269,US,US,US,USD,
16341,79612,24860,US,US,US,USD,
7051,79616,595242,US,US,US,USD,
6095,79632,933741,US,US,US,USD,
19743,79691,771780,US,US,US,USD,
2454,79761,810029,US,US,US,USD,
37024,79834,747511,US,US,US,USD,
9370,79841,12681,US,US,US,USD,
4336,79911,893613,US,US,US,USD,
4336,79915,7837,US,US,US,USD,
4336,79920,7834,US,US,US,USD,
4336,79927,802645,US,US,US,USD,
4336,79944,921137,US,US,US,USD,
10948,79998,7710,US,US,US,USD,
24759,80017,9949,US,US,US,USD,
16341,80033,102993,US,US,US,USD,
29499,80118,307403,US,US,US,USD,
24759,80121,78544,US,US,US,USD,
24759,80128,9946,US,US,US,USD,
4336,80144,167090,US,US,US,USD,
24759,80146,78540,US,US,US,USD,
16222,80262,426155,US,US,US,USD,
4336,80370,893689,US,US,US,USD,
4336,80385,797749,US,US,US,USD,
2094,80481,948140,US,US,US,USD,
2094,80484,948170,US,US,US,USD,
2094,80490,948137,US,US,US,USD,
2094,80499,948169,US,US,US,USD,
2094,80515,948168,US,US,US,USD,
16222,80647,426152,US,US,US,USD,
2094,80648,948171,US,US,US,USD,
2094,80677,948126,US,US,US,USD,
10948,80792,14560,US,US,US,USD,
17481,80814,15317,US,US,US,USD,
2094,80905,780075,US,US,US,USD,
2094,81124,1428611,US,US,US,USD,
12979,81147,830,US,US,US,USD,
12979,81213,192788,US,US,US,USD,
12979,81219,49808,US,US,US,USD,
12979,81225,882832,US,US,US,USD,
2094,81240,1130140,US,US,US,USD,
12979,81246,326949,US,US,US,USD,
2094,81248,359547,US,US,US,USD,
2094,81363,1356973,US,US,US,USD,
19743,81373,24235,US,US,US,USD,
2094,81382,416546,US,US,US,USD,
19743,81391,279045,US,US,US,USD,
14579,8143,,US,US,US,USD,
4336,81436,893580,US,US,US,USD,
2094,81615,948135,US,US,US,USD,
2092,81662,1191452,US,US,US,USD,
2951,81680,191494,US,US,US,USD,
4336,81708,813809,US,US,US,USD,
17860,81890,292727,US,US,US,USD,
5500,81942,81088,US,US,US,USD,
10948,81984,1580316,US,US,US,USD,
22639,82007,96581,US,US,US,USD,
16222,82009,963594,US,US,US,USD,
17824,82026,972613,US,US,US,USD,
36834,82029,912414,US,US,US,USD,
1230,82053,71348,US,US,US,USD,
7051,82155,595256,US,US,US,USD,
9370,82326,48795,US,US,US,USD,
4336,8235,,US,US,US,USD,
21221,8240,,US,US,US,USD,
31572,8242,,US,US,US,USD,
16222,82440,913349,US,US,US,USD,
2094,82441,223290,US,US,US,USD,
17824,82454,1830763,US,US,US,USD,
40922,8246,,US,US,US,USD,
10948,82467,2440520,US,US,US,USD,
2094,82643,2122955,US,US,US,USD,
2094,82659,2122956,US,US,US,USD,
17824,82873,1083290,US,US,US,USD,
30876,82879,932884,US,US,US,USD,
6095,82903,810875,US,US,US,USD,
30876,82933,96771,US,US,US,USD,
6095,82970,721468,US,US,US,USD,
2094,83023,426579,US,US,US,USD,
8939,83031,999758,US,US,US,USD,
4336,83114,921316,US,US,US,USD,
2094,83164,416556,US,US,US,USD,
2094,83174,426583,US,US,US,USD,
2094,83179,243874,US,US,US,USD,
30075,83181,1000082,US,US,US,USD,
2094,83198,243876,US,US,US,USD,
4336,83200,761458,US,US,US,USD,
4336,83215,893731,US,US,US,USD,
4336,83254,797741,US,US,US,USD,
30876,83262,930516,US,US,US,USD,
4336,83282,921302,US,US,US,USD,
30876,83290,930683,US,US,US,USD,
6095,8331,,US,US,US,USD,
2094,83317,1069394,US,US,US,USD,
17481,83343,2138819,US,US,US,USD,
17481,83360,2138823,US,US,US,USD,
17481,83378,2138816,US,US,US,USD,
17481,83380,2138808,US,US,US,USD,
19743,83590,1055711,US,US,US,USD,
35108,83591,1060621,US,US,US,USD,
2094,83595,1055742,US,US,US,USD,
19743,83606,1055716,US,US,US,USD,
2094,83614,352888,US,US,US,USD,
2094,83684,32043,US,US,US,USD,
2094,83696,32047,US,US,US,USD,
17481,83775,984701,US,US,US,USD,
14579,83870,109124,US,US,US,USD,
14579,83881,431644,US,US,US,USD,
35108,83953,1060617,US,US,US,USD,
16222,83988,394176,US,US,US,USD,
16222,84007,395951,US,US,US,USD,
20171,84008,877638,US,US,US,USD,
40922,84039,1321,US,US,US,USD,
17803,84085,731688,US,US,US,USD,
6095,84150,721485,US,US,US,USD,
4336,84158,813784,US,US,US,USD,
6095,84272,282478,US,US,US,USD,
8939,84289,1096198,US,US,US,USD,
36834,84306,1137581,US,US,US,USD,
36834,84312,1137585,US,US,US,USD,
36834,84319,1137583,US,US,US,USD,
2094,84326,426930,US,US,US,USD,
2094,84355,426592,US,US,US,USD,
12979,84375,172191,US,US,US,USD,
4336,8452,,US,US,US,USD,
10948,84540,53532,US,US,US,USD,
36834,84663,1137586,US,US,US,USD,
2094,84719,1124805,US,US,US,USD,
17824,84786,1127980,US,US,US,USD,
12979,84881,2027615,US,US,US,USD,
24759,84888,1018357,US,US,US,USD,
12979,84909,2027619,US,US,US,USD,
2092,84987,1191573,US,US,US,USD,
37024,85034,571070,US,US,US,USD,
15091,85045,307052,US,US,US,USD,
4336,85050,893734,US,US,US,USD,
4336,85056,893638,US,US,US,USD,
4336,85066,813805,US,US,US,USD,
4336,85086,921128,US,US,US,USD,
7051,85272,595252,US,US,US,USD,
7051,85287,595244,US,US,US,USD,
7051,85304,595254,US,US,US,USD,
321441,85332,929530,US,US,US,USD,
154016,85493,940134,US,US,US,USD,
17860,85497,295838,US,US,US,USD,
21221,85556,229768,US,US,US,USD,
7270,85618,40604,US,US,US,USD,
18424,85731,469502,US,US,US,USD,
14579,85737,481081,US,US,US,USD,
2094,85862,416550,US,US,US,USD,
33591,85893,480638,US,US,US,USD,
33591,85902,480607,US,US,US,USD,
2094,85924,1594,US,US,US,USD,
4026,86082,77712,US,US,US,USD,
4026,86086,1285158,US,US,US,USD,
17824,86087,1147465,US,US,US,USD,
4026,86096,1263540,US,US,US,USD,
4026,86113,915281,US,US,US,USD,
17824,86135,1152440,US,US,US,USD,
17824,86163,2242363,US,US,US,USD,
17824,86166,2264821,US,US,US,USD,
17824,86177,2242421,US,US,US,USD,
4026,86179,1369800,US,US,US,USD,
4026,86180,653706,US,US,US,USD,
4026,86196,1290812,US,US,US,USD,
31466,86202,2793256,US,US,US,USD,
4026,86206,84601,US,US,US,USD,
2094,86209,348770,US,US,US,USD,
17824,86228,1196524,US,US,US,USD,
17824,86231,1350730,US,US,US,USD,
17824,86263,1332183,US,US,US,USD,
31466,86317,1692928,US,US,US,USD,
17824,86356,1323537,US,US,US,USD,
4026,86366,88449,US,US,US,USD,
4026,86427,653700,US,US,US,USD,
17824,86581,1251122,US,US,US,USD,
4336,86602,2538006,US,US,US,USD,
4026,86631,921235,US,US,US,USD,
30075,86649,1557313,US,US,US,USD,
4026,86704,77615,US,US,US,USD,
17824,86840,,US,US,US,USD,
21909,87863,,US,US,US,USD,
10948,88298,36332,US,US,US,USD,
10948,88299,23706,US,US,US,USD,
10948,88300,32314,US,US,US,USD,
10948,88303,24466,US,US,US,USD,
10948,88307,32347,US,US,US,USD,
10948,88308,36341,US,US,US,USD,
10948,88316,24471,US,US,US,USD,
12979,88317,25038,US,US,US,USD,
10948,88320,23704,US,US,US,USD,
10948,88325,32307,US,US,US,USD,
10948,88326,1550,US,US,US,USD,
57951,88345,1647803,US,US,US,USD,
4336,88844,,US,US,US,USD,
520270,89189,,US,US,US,USD,
17824,89275,,US,US,US,USD,
17824,89497,,US,US,US,USD,
10948,89555,,US,US,US,USD,
26042,90071,,US,US,US,USD,
26042,90168,,US,US,US,USD,
8851,902,,US,US,US,USD,
2094,90273,,US,US,US,USD,
2094,90368,,US,US,US,USD,
33933,90489,,US,US,US,USD,
12979,90843,,US,US,US,USD,
172473,90973,,US,US,US,USD,
5500,910134,,US,US,US,USD,
40922,912252,,US,US,US,USD,
36992,917358,,US,US,US,USD,
17824,918449,,US,US,US,USD,
17824,926645,,US,US,US,USD,
2094,928417,,US,US,US,USD,
17824,933940,,US,US,US,USD,
2094,934886,,US,US,US,USD,
40922,935636,,US,US,US,USD,
40922,935659,,US,US,US,USD,
40922,935692,,US,US,US,USD,
40922,935693,,US,US,US,USD,
36992,936313,,US,US,US,USD,
17824,938564,,US,US,US,USD,
17824,938566,,US,US,US,USD,
17824,938600,,US,US,US,USD,
17824,939052,,US,US,US,USD,
2094,941325,,US,US,US,USD,
17824,942534,,US,US,US,GBP,
17824,947225,,US,US,US,USD,
17824,947660,,US,US,US,USD,
17824,952257,,US,US,US,USD,
36992,955081,,US,US,US,USD,
17824,957094,,US,US,US,USD,
1873,958874,,US,US,US,USD,
17824,973845,,US,US,US,USD,
36992,985721,,US,US,US,USD,
17824,986047,,US,US,US,USD,
2094,986505,,US,US,US,USD,
